model,seed,held_out,macro_f1,micro_f1,Political,Fairness & equality,Cultural identity,Policy prescription & evaluation
word,1,cumhuriyet,0.6812111801242235,0.6812227074235808,0.8695652173913043,0.4857142857142857,0.8695652173913043,0.5
word,1,odatv,0.3952402102302169,0.5111111111111111,0.7341772151898734,0.15789473684210525,0.5777777777777777,0.1111111111111111
word,1,sabah,0.47342748229466325,0.6086956521739131,0.898876404494382,0.417910447761194,0.16666666666666666,0.41025641025641024
word,1,yenicag,0.544204425711275,0.5614035087719298,0.7384615384615385,0.4383561643835616,0.4444444444444444,0.5555555555555556
word,2,cumhuriyet,0.5723817147812744,0.6306306306306306,0.7848101265822784,0.4533333333333333,0.8695652173913043,0.18181818181818182
word,2,odatv,0.4216292134831461,0.5408163265306123,0.7865168539325843,0.06666666666666667,0.5909090909090909,0.24242424242424243
word,2,sabah,0.5105311355311355,0.6103286384976526,0.9010989010989011,0.4166666666666667,0.4166666666666667,0.3076923076923077
word,2,yenicag,0.543149584813926,0.5882352941176471,0.8115942028985508,0.3902439024390244,0.4444444444444444,0.5263157894736842
word,3,cumhuriyet,0.5401840971406189,0.6355140186915887,0.8378378378378378,0.4533333333333333,0.8695652173913043,0.0
word,3,odatv,0.3674624324524391,0.5113636363636364,0.7341772151898734,0.15789473684210525,0.5777777777777777,0.0
word,3,sabah,0.47545170185619623,0.61,0.898876404494382,0.42857142857142855,0.26666666666666666,0.3076923076923077
word,3,yenicag,0.5935134310134311,0.6302521008403361,0.85,0.49230769230769234,0.47619047619047616,0.5555555555555556
word,4,cumhuriyet,0.5739098300073909,0.6375545851528385,0.7804878048780488,0.4533333333333333,0.88,0.18181818181818182
word,4,odatv,0.45165945165945165,0.5319148936170213,0.7222222222222222,0.22727272727272727,0.6666666666666666,0.19047619047619047
word,4,sabah,0.4833521870286577,0.5263157894736842,0.8705882352941177,0.4166666666666667,0.4,0.24615384615384617
word,4,yenicag,0.5628387533875339,0.6206896551724138,0.8611111111111112,0.3902439024390244,0.4444444444444444,0.5555555555555556
word,5,cumhuriyet,0.5703781512605042,0.6448598130841121,0.8529411764705882,0.4533333333333333,0.88,0.09523809523809523
word,5,odatv,0.4010390183852062,0.5,0.7341772151898734,0.0,0.5909090909090909,0.27906976744186046
word,5,sabah,0.5163857677902622,0.6046511627906976,0.898876404494382,0.4166666666666667,0.4166666666666667,0.3333333333333333
word,5,yenicag,0.5914204756596062,0.6301369863013698,0.8611111111111112,0.49230769230769234,0.46153846153846156,0.5507246376811594
char,1,cumhuriyet,0.6238014475196472,0.628099173553719,0.821917808219178,0.4533333333333333,0.7755102040816326,0.4444444444444444
char,1,odatv,0.4257107843137255,0.5368421052631579,0.72,0.27450980392156865,0.7083333333333334,0.0
char,1,sabah,0.5098191214470285,0.5833333333333334,0.8837209302325582,0.4,0.4,0.35555555555555557
char,1,yenicag,0.5444645822214316,0.5892116182572614,0.8311688311688312,0.4383561643835616,0.375,0.5333333333333333
char,2,cumhuriyet,0.6417936117936118,0.6254826254826255,0.8108108108108109,0.4533333333333333,0.8181818181818182,0.48484848484848486
char,2,odatv,0.5111111111111112,0.5608465608465608,0.7222222222222222,0.2777777777777778,0.7111111111111111,0.3333333333333333
char,2,sabah,0.523814847942755,0.5844748858447488,0.8837209302325582,0.4166666666666667,0.46153846153846156,0.3333333333333333
char,2,yenicag,0.5519866814650388,0.5909090909090909,0.8266666666666667,0.37735849056603776,0.47058823529411764,0.5333333333333333
char,3,cumhuriyet,0.5443910143910144,0.616822429906542,0.8108108108108109,0.4533333333333333,0.8181818181818182,0.09523809523809523
char,3,odatv,0.35984848484848486,0.49032258064516127,0.6666666666666666,0.09090909090909091,0.6818181818181818,0.0
char,3,sabah,0.5205480140774258,0.5882352941176471,0.8888888888888888,0.4117647058823529,0.46153846153846156,0.32
char,3,yenicag,0.5822113342207369,0.6233766233766234,0.8,0.47761194029850745,0.47058823529411764,0.5806451612903226
char,4,cumhuriyet,0.6370678603006189,0.6332046332046332,0.8205128205128205,0.4533333333333333,0.7916666666666666,0.4827586206896552
char,4,odatv,0.39623931623931624,0.5232558139534884,0.72,0.15384615384615385,0.7111111111111111,0.0
char,4,sabah,0.5084169453734672,0.5909090909090909,0.8695652173913043,0.4307692307692308,0.4,0.3333333333333333
char,4,yenicag,0.5508187134502924,0.6169154228855721,0.8266666666666667,0.4,0.42105263157894735,0.5555555555555556
char,5,cumhuriyet,0.6138286163522013,0.6215139442231076,0.8266666666666667,0.4533333333333333,0.7169811320754716,0.4583333333333333
char,5,odatv,0.5146650010051406,0.5410628019323671,0.7123287671232876,0.3018867924528302,0.7111111111111111,0.3333333333333333
char,5,sabah,0.5021802325581396,0.5833333333333334,0.8837209302325582,0.4166666666666667,0.375,0.3333333333333333
char,5,yenicag,0.537465460071843,0.6051282051282051,0.8311688311688312,0.3829787234042553,0.4,0.5357142857142857
