doc_id,source,title,Political_true,Political_pred,Fairness & equality_true,Fairness & equality_pred,Cultural identity_true,Cultural identity_pred,Policy prescription & evaluation_true,Policy prescription & evaluation_pred
cumhuriyet:2226439,cumhuriyet,Sol ve liberal sol düşüncede Türklük konusu - Armağan Öztürk,0,1,0,0,1,1,0,1
cumhuriyet:2227758,cumhuriyet,Hocamız Sevda Şener’i yitireli 10 yıl oldu,0,0,0,0,1,1,0,0
cumhuriyet:2231643,cumhuriyet,Bizi kuşatan ölümler,0,0,0,0,0,1,0,0
cumhuriyet:2236691,cumhuriyet,Hani köpekler kutsaldı?,0,0,0,1,1,1,1,0
cumhuriyet:2237757,cumhuriyet,Ayvalık Müzik Akademisi mucizesi,0,1,0,1,1,1,0,0
cumhuriyet:2240958,cumhuriyet,İlhan Çomak’a özgürlük,0,1,0,1,0,0,0,0
cumhuriyet:2242039,cumhuriyet,Kabuk değiştiren sinema ve savaş...,0,0,0,0,1,1,0,0
cumhuriyet:2243439,cumhuriyet,Geminin kaptan sorunu,1,1,1,1,0,0,0,1
cumhuriyet:2244746,cumhuriyet,ODTÜ’lü gençlerden tokat gibi ‘Bilim nedir?’ dersi,1,0,0,1,1,1,1,1
cumhuriyet:2246245,cumhuriyet,Eylüldeki yıldönümleri (2),1,1,0,1,1,1,0,0
cumhuriyet:2246254,cumhuriyet,Çiçekleri açarken budayanlar!,1,1,1,0,1,1,0,1
cumhuriyet:2250332,cumhuriyet,"Türkiye, TSK ve anayasa",1,1,0,1,1,1,0,1
cumhuriyet:2253173,cumhuriyet,Bu paranın hesabını veren var mı?,1,0,1,1,0,0,0,1
cumhuriyet:2253934,cumhuriyet,Siyasetin iki yüzü: Anayasa değişikliği ile RTE’ye yeni yol mu?,1,1,1,1,0,0,1,1
cumhuriyet:2255923,cumhuriyet,Ekonomik büyüme-kalkınma,0,0,0,1,0,0,1,1
cumhuriyet:2264313,cumhuriyet,Ahmet Özer’i tutuklamak,0,0,0,1,1,1,0,0
cumhuriyet:2273895,cumhuriyet,Çocuklar şiddetten nasıl korunur - Elanur Buğçe Oral,0,0,0,0,0,0,0,1
cumhuriyet:2275248,cumhuriyet,‘Sen bana neler öğrettin?’,0,0,0,1,1,1,0,0
cumhuriyet:2286708,cumhuriyet,Şube müdürlüğünden alınıp araştırmacı kadrosuna atandım,0,0,0,1,0,0,1,1
cumhuriyet:2287082,cumhuriyet,Barış süreci,1,1,0,1,0,0,0,0
cumhuriyet:2294648,cumhuriyet,Ufuk karanlık,1,1,0,0,0,0,0,1
cumhuriyet:2295044,cumhuriyet,‘Suç’ ve kamu görevi,0,1,0,1,1,1,0,1
cumhuriyet:2300212,cumhuriyet,‘Hasat’ edilenler,0,0,1,1,0,0,0,0
cumhuriyet:2311815,cumhuriyet,Demokratik Sistemin Canını Almak,1,1,0,1,0,0,0,0
cumhuriyet:2332783,cumhuriyet,Kendini herkesten üstün görürdü!,1,0,0,0,1,1,0,0
cumhuriyet:2334428,cumhuriyet,Taksim yasağı faşizmin simgesidir!,1,1,1,1,0,0,0,1
cumhuriyet:2337007,cumhuriyet,AB ve Türkiye’nin son durumu - Emre Çam,1,1,1,0,0,0,1,1
cumhuriyet:2400896,cumhuriyet,Tutuklular ilaçlarına ulaşamazsa - Prof. Dr. Çağatay Güler,0,0,1,1,0,0,1,1
cumhuriyet:2401707,cumhuriyet,Ahtapotun kolları?,1,1,0,1,0,0,0,1
cumhuriyet:2406044,cumhuriyet,Dalgalar meydanlarda kırılıyor,1,1,1,1,0,0,1,1
cumhuriyet:2413456,cumhuriyet,CHP’nin zorlu tarihsel görevi,1,1,0,1,0,0,1,0
cumhuriyet:2415724,cumhuriyet,Çanakların efendisine veda - Fatma Batuhan Belge,0,1,0,1,1,1,0,0
cumhuriyet:2428399,cumhuriyet,"CHP’nin yükü, hepimizin yükü",1,1,1,1,0,0,0,0
cumhuriyet:2432869,cumhuriyet,Türkçeye adanmış bir ömür,0,0,0,0,1,1,0,0
cumhuriyet:2432946,cumhuriyet,Hüseyin Gürtunca,0,0,1,1,1,1,0,0
cumhuriyet:2433785,cumhuriyet,Sorun-süreç-çözüm,1,1,0,1,0,0,0,1
cumhuriyet:2434670,cumhuriyet,Amerika’nın öteki yüzü,1,1,1,1,0,1,0,1
cumhuriyet:2436650,cumhuriyet,Evdeki hesap çarşıya uymuyor,1,1,1,1,0,0,0,1
cumhuriyet:2437768,cumhuriyet,Emperyalizmin teröristleri,1,1,0,0,0,0,0,1
cumhuriyet:2439969,cumhuriyet,Meşruiyet Gazze’de mi seçimde mi (3),1,1,1,1,0,0,0,1
cumhuriyet:2440587,cumhuriyet,Erdoğan’ın ‘meşruiyet’ müttefikleri,1,1,1,1,0,0,1,1
cumhuriyet:2442817,cumhuriyet,Selam olsun Kubilay’lara!,1,1,0,1,1,1,1,0
cumhuriyet:2443082,cumhuriyet,Emperyalizm gerçeği,1,1,0,0,0,0,0,1
cumhuriyet:2450209,cumhuriyet,Çocuk işçiliğinin post-Fordist görünümleri - Özgür Hüseyin Akış,0,0,1,1,0,1,0,1
cumhuriyet:2454478,cumhuriyet,İmamoğlu’nun teatral gücü,1,1,1,1,0,0,0,1
cumhuriyet:2466164,cumhuriyet,2026: Çoktan seçmeli!,1,1,0,1,0,0,0,0
cumhuriyet:2466858,cumhuriyet,Anadolu,0,0,0,1,1,1,0,1
cumhuriyet:2468930,cumhuriyet,Emekli,0,0,0,1,0,0,0,1
cumhuriyet:2478082,cumhuriyet,Asya üretim dengelerinde yeni dönem - Gözde Dizdar,1,1,0,1,0,0,0,1
cumhuriyet:2480410,cumhuriyet,SSK sigortalılığım sona erince Bağ-Kur hemen devreye girer mi?,0,0,0,0,0,0,1,1
cumhuriyet:2484531,cumhuriyet,Hafta sonu kaçamağı için vizesiz seçenek: Balkanların en genç başkenti 'Priştine',1,0,0,1,1,1,0,0
cumhuriyet:2491300,cumhuriyet,Laiklik dine saygı gösterir,1,1,0,0,1,1,1,1
cumhuriyet:2497553,cumhuriyet,Egemenliğin adı: 23 Nisan - Hamza Kiye,1,1,0,1,1,1,1,1
cumhuriyet:2500504,cumhuriyet,‘Uzun ince bir yoldayım...’,0,0,0,1,1,1,0,0
cumhuriyet:2510660,cumhuriyet,İstanbul'un plajları...,0,0,0,1,0,0,1,0
cumhuriyet:2511728,cumhuriyet,Büyük uzlaşı,1,1,0,1,0,0,0,0
cumhuriyet:2521488,cumhuriyet,Ankara NATO zirvesi ve Türkiye - Doğu Silahçıoğlu,1,1,0,0,0,0,1,1
cumhuriyet:2527801,cumhuriyet,Ortadoğu’nun ABD sorunu,1,1,0,1,0,0,1,1
odatv:120006750,odatv,Barışa giden ilk adım… Geçmişte yaşamaktan vazgeçmek,0,0,0,0,1,1,1,0
odatv:120008316,odatv,Bir Cumhuriyet tartışması… Destek sever aydınlar,1,1,0,1,1,1,1,0
odatv:120022043,odatv,Benzerini yapıp farklı sonuç beklemek… İlk düğme yanlış iliklendi,0,1,0,0,0,1,0,1
odatv:120024083,odatv,Saklı kimlikler: O kitabı okumayı hemen bıraktım,0,0,0,1,1,1,0,0
odatv:120029375,odatv,Kavala'nın Kadersizliği: Kayınpederi… Ne ektiler ise o biçiliyor,1,1,0,0,1,1,0,0
odatv:120030878,odatv,Yine mi saldırıya uğrayacağım… Solun görmediği hakikat,0,0,0,1,0,1,0,1
odatv:120031561,odatv,II. Abdülhamit de bizimdir... Atatürk de bizimdir... Asıl gereken tartışma,0,0,0,1,1,1,0,1
odatv:120033497,odatv,Yanaklarım ıslanarak okudum… Basın-yayın komünü,1,1,1,0,0,1,0,1
odatv:120042618,odatv,Rıfat Hisarcıklıoğlu’nun boynundaki alet… Erdoğan'ı aydınlatalım,0,1,0,1,0,0,0,0
odatv:120058753,odatv,Hem Murat Gezici’ye hem Ümit Özdağ’a sorduk: İnkar edecek bir şey yok... Masada kimler vardı,1,1,0,1,0,0,1,0
odatv:120063743,odatv,Konu: Abdullah Eren kulisi... Hedef: Erdoğan'ın sağır odası*,1,1,0,1,0,1,0,1
odatv:120065733,odatv,Mezhepçilerin zihinsel ölümü...Almanya'dan ders çıkarmak,1,1,0,1,1,1,0,0
odatv:120066388,odatv,Emniyet'te gece yarısı flaş değişiklikler... FETÖ ile mücadelede kritik isme pasif görev,1,1,0,1,0,0,0,1
odatv:120067969,odatv,Maalouf'tan Acemoğlu'na uzanan tartışma...İktidar başarısının sırrı: Meşruiyet,1,1,0,0,1,1,1,0
odatv:120077164,odatv,Suriye'de kolektif belleğin yıkılışı... Alevicilik kandırması,1,1,0,1,1,1,0,0
odatv:120080455,odatv,Suriye'nin kuzeyindeki Kürt demografisi...Tarihin kumaşını kesen CIA makası,0,1,0,0,1,1,0,0
odatv:120080838,odatv,Fransızlar ne anlar aşktan,0,0,0,0,1,1,0,0
odatv:120083594,odatv,Milli çözüm süreci... İşi yokuşa süren istihbaratçılar,1,1,1,0,0,0,1,0
odatv:120085702,odatv,"Ticaretten siyasete, spordan magazine hep gündemdeler.. Kim bu Sancak ailesi",1,1,0,1,0,1,0,0
odatv:120094740,odatv,Lise eylemleri: Çalınan dikkate isyan,1,0,0,1,0,1,0,0
odatv:120096411,odatv,Koray Ongun'u dinlerken... Aynı yaştaki Aydın Menderes'i hatırladım... Lal'in yaşadıkları Sevin ve Ayla'dan farklı değil,1,0,1,0,0,1,0,0
odatv:120097447,odatv,Mübalağaya teşne olmak... Siyasi rant peşinde kimileri,0,0,0,1,1,1,0,0
odatv:120098147,odatv,PKK açıklaması aklıma bir film getirdi: Viva Maria,1,1,0,0,0,1,1,1
odatv:120101954,odatv,Tanıdığım Yavuz Saltık,1,1,1,0,0,0,0,0
odatv:120107973,odatv,İftihar kitabını bilir misiniz... O albümde kimler var... LGS tartışmasını bir de böyle okuyun,0,0,0,1,1,1,1,0
odatv:120108717,odatv,Bugünü anlamanın turnusol kağıdı:1979...Gizli ziyaretçiler... Amaçları neydi,1,1,0,0,1,0,0,1
odatv:120108859,odatv,Kafası çamurda siyaset... İki örnek vaka,1,1,0,0,0,1,0,1
odatv:120110262,odatv,"Hepsini sattılar, bu köşkü çürütme pahasına elde tutuyorlar: İstanbul'da FETÖ müzesi",1,0,1,0,1,0,0,1
odatv:120124037,odatv,Komisyonda Cumhur İttifakı tek ses CHP’de kafalar karışık,1,1,0,1,0,0,0,1
odatv:120127111,odatv,Herkesler Ahmed Arif'in Leyla Erbil aşkını biliyor... Ya Saik Faik'in kara sevdası...,0,0,0,0,1,1,0,0
odatv:120128276,odatv,"Özgür Özel'in sözleri ahlâki olarak güçlü, politik olarak eksik: Asıl sorunu kavrayamıyor",1,1,0,1,0,0,0,1
odatv:120143581,odatv,"Yok diziymiş, yok disiplinmiş... İndirgemeci aptal: Okul şiddetinin tek nedeni yok",0,0,1,1,1,1,0,1
odatv:120153708,odatv,Deniz Göktaş’ın tutuklanma sebebi: Diktatörün soyağacı,0,1,0,0,1,1,0,1
odatv:120156469,odatv,CHP'de yaşananlar akıl gerektiren kurnazlık bile değil: Basiret iflası,1,1,0,1,0,1,0,1
odatv:180966,odatv,Çin ile ABD arasında virüs savaşı mı yaşanıyor,0,0,0,0,0,0,0,1
odatv:187277,odatv,Alçalmadan Yükselenler,1,1,1,1,0,1,1,0
odatv:187773,odatv,Manisa'da neler oluyor,1,1,0,0,1,0,1,1
odatv:193575,odatv,PKK'nın ateş terörü nasıl başladı,0,1,0,0,0,0,0,0
odatv:194787,odatv,İmamoğlu’nun yolu,0,0,0,1,0,1,0,1
odatv:195177,odatv,Erdoğan’a sorsam: Bauhaus nedir,0,1,0,0,1,1,1,0
odatv:199945,odatv,"""Savcının yeğeniyim parasını verirsen kurtarırım""",0,1,0,1,0,0,0,0
odatv:200400,odatv,Cumhurbaşkanı denek oldu,1,1,0,1,0,0,0,1
odatv:200480,odatv,Şaşırıp kaldım,1,1,1,0,0,0,0,0
odatv:202889,odatv,Atatürk düşmanlığının altından hangi örgüt çıktı,0,0,0,0,0,1,0,1
odatv:204812,odatv,Milli Gazete ezberini bozmuyor,1,1,0,0,1,0,0,1
odatv:204887,odatv,Eksantrik adam,0,1,1,1,1,0,0,0
odatv:205822,odatv,Kendi bakanlığına mal satan bakan,1,0,0,1,0,0,0,1
odatv:221658,odatv,Abdullah Gül Odatv’nin haberini okuyunca şunu diyecek: Nedir bu benim başıma gelen,1,1,0,0,0,0,0,1
odatv:221693,odatv,Doların 10 lira olmasının sırrı… Erdoğan yazmaz olsaydı,1,0,0,1,0,0,0,0
odatv:234457,odatv,Borç’a farklı bakmak,0,0,0,1,0,0,0,1
odatv:238088,odatv,O para,1,0,1,0,0,1,1,1
odatv:238269,odatv,Bu haberi okuyunca Erdoğan'ın gözleri dolacak… Aliyev'in duygusal isteği,0,1,0,1,0,0,0,0
odatv:240151,odatv,Hangi kafa,1,1,0,1,0,0,1,0
odatv:240254,odatv,Kusacak gibi oluyorum,1,1,0,1,0,0,0,1
odatv:241885,odatv,Kim birleştirici kim bölücü,1,1,0,0,1,1,0,0
odatv:242959,odatv,Mahmut Efendi ve Cheryl Flake,0,1,1,0,1,1,0,0
odatv:248660,odatv,Hablemitoğlu suikastı şüphelisi Enver Altaylı’nın ifadesine ulaştık,1,1,1,0,0,0,1,0
odatv:277646,odatv,Türkiye şimdilik sessiz... At gözlüğü,1,1,1,1,0,0,0,1
sabah:2020-03-19__turkiye-italya-farki,sabah,MAHMUT ÖVÜR - Türkiye-İtalya farkı,1,1,1,1,0,0,0,1
sabah:2020-04-24__hos-geldin-ramazan,sabah,NİHAT HATİPOĞLU - Hoş geldin Ramazan,0,0,0,1,1,0,0,0
sabah:2020-08-14__ince-umut-verdi-mi,sabah,MAHMUT ÖVÜR - İnce “umut” verdi mi?,1,1,0,1,0,0,1,0
sabah:2020-09-25__ab-ile-yeni-bir-firsat-penceresi-mi,sabah,BURHANETTİN DURAN - AB ile yeni bir fırsat penceresi mi?,0,1,0,0,0,0,1,1
sabah:2020-12-07__tukenmedik-buradayiz,sabah,"HİLAL KAPLAN - Tükenmedik, buradayız",0,1,1,1,1,1,0,0
sabah:2020-12-14__turkiyeden-metoo-cikar-mi,sabah,HİLAL KAPLAN - Türkiye’den #metoo çıkar mı?,1,1,1,1,1,0,1,0
sabah:2021-03-26__lebalep,sabah,HİLAL KAPLAN - Lebalep,1,1,1,1,0,0,0,1
sabah:2021-03-31__kusak-yola-demokratik-rakip,sabah,KEREM ALKİN - ‘Kuşak-Yol’a ‘demokratik’ rakip,1,1,0,1,0,0,0,1
sabah:2021-04-06__emekli-amiral-bildirisi-ve-erdoganin-tepkisi,sabah,BURHANETTİN DURAN - Emekli amiral bildirisi ve Erdoğan’ın tepkisi,1,1,1,1,0,0,0,1
sabah:2021-05-21__muminler-kardestir,sabah,NİHAT HATİPOĞLU - Müminler kardeştir,0,0,0,1,0,1,0,0
sabah:2021-06-04__bir-kasetle-chpye-diz-cokturenler,sabah,MAHMUT ÖVÜR - Bir kasetle CHP’ye diz çöktürenler,1,1,0,1,0,0,0,0
sabah:2021-07-07__ozel-ucak-makam-araci-ve-yazlik-saray,sabah,"HİLAL KAPLAN - Özel uçak, makam aracı ve ‘yazlık saray’",0,1,0,1,0,0,0,1
sabah:2021-09-04__chp-izmirde-alevi-kurt-tartismasi-buyuyor,sabah,MAHMUT ÖVÜR - CHP İzmir’de Alevi-Kürt tartışması büyüyor,1,1,0,1,0,0,0,0
sabah:2021-09-18__cumartesi-notlari-bilime-de-yazik-ettiniz,sabah,HAŞMET BABAOĞLU - CUMARTESİ NOTLARI: Bilime de yazık ettiniz!,0,0,0,1,0,0,0,1
sabah:2022-01-08__kazakistan-ve-olagan-supheliler,sabah,MAHMUT ÖVÜR - Kazakistan ve olağan şüpheliler,1,1,0,1,1,0,1,0
sabah:2022-03-01__turizm-baskentinden-hasar-tespiti,sabah,YAVUZ DONAT - Turizm başkentinden hasar tespiti,0,1,0,1,0,0,0,0
sabah:2022-03-11__berat-albayrak-tarihe-not-dustu,sabah,DİLEK GÜNGÖR - Berat Albayrak tarihe not düştü,0,1,0,1,0,0,0,0
sabah:2022-03-27__altini-cizdigim-satirlar-mart,sabah,HAŞMET BABAOĞLU - Altını çizdiğim satırlar-Mart,0,0,0,1,0,0,0,0
sabah:2022-05-31__yaklasan-secimlerin-riskleri,sabah,BURHANETTİN DURAN - Yaklaşan seçimlerin riskleri,1,1,0,0,0,0,0,1
sabah:2022-06-16__kilicdaroglu-ile-aksener-anlasti-mi,sabah,MAHMUT ÖVÜR - Kılıçdaroğlu ile Akşener anlaştı mı?,1,1,1,1,0,0,0,0
sabah:2022-07-27__en-buyuk-mesele-fahis-kira,sabah,DİLEK GÜNGÖR - En büyük mesele fahiş kira!,0,0,1,1,0,0,1,1
sabah:2022-08-23__6li-masanin-tek-adami-kilicdaroglunu-bekleyen-surpriz,sabah,MAHMUT ÖVÜR - 6’lı masanın ‘tek adamı’ Kılıçdaroğlu’nu bekleyen sürpriz,1,1,1,1,0,0,0,1
sabah:2022-10-24__bir-bahce-olarak-avrupa,sabah,HİLAL KAPLAN - Bir “bahçe” olarak Avrupa,1,0,1,1,0,1,0,1
sabah:2023-01-21__kaybetme-korkusu-sardi,sabah,MAHMUT ÖVÜR - Kaybetme korkusu sardı,1,1,0,1,0,0,0,0
sabah:2023-01-27__cahil-cahil-soyleniyorum-iste,sabah,HAŞMET BABAOĞLU - Cahil cahil söyleniyorum işte!,0,0,0,1,0,1,0,0
sabah:2023-01-27__ip-karisti-sirada-hdp-var,sabah,"MAHMUT ÖVÜR - İP karıştı, sırada HDP var",1,1,1,1,0,0,1,0
sabah:2023-03-24__ahmet-turk-neden-ak-partiye-ofkeli,sabah,"MAHMUT ÖVÜR - Ahmet Türk, neden AK Parti’ye öfkeli?",1,1,1,1,1,0,0,1
sabah:2023-03-29__buyuk-bulusma,sabah,YAVUZ DONAT - Büyük buluşma,1,1,1,1,0,1,0,0
sabah:2023-03-31__petrol-sirketleri-de-kurtler-de-zorda,sabah,DİLEK GÜNGÖR - Petrol şirketleri de Kürtler de zorda!,1,1,0,1,0,0,0,0
sabah:2023-08-04__cuzdan-ataturkculugu,sabah,HİLAL KAPLAN - Cüzdan Atatürkçülüğü,1,1,0,1,0,1,0,0
sabah:2023-08-04__muhalefetteki-kanamayi-durdurmak-mumkun-mu,sabah,BURHANETTİN DURAN - Muhalefetteki kanamayı durdurmak mümkün mü?,1,1,0,1,0,0,0,1
sabah:2023-08-18__cagimizin-hastaligi-doyumsuzluk,sabah,NİHAT HATİPOĞLU - Çağımızın hastalığı: Doyumsuzluk,0,0,0,0,1,1,0,0
sabah:2023-09-28__fetocu-garsonun-sirri,sabah,MAHMUT ÖVÜR - FETÖ’cü Garson’un sırrı,1,1,0,1,0,0,0,0
sabah:2023-10-20__chp-bu-kavga-bitmez,sabah,YAVUZ DONAT - CHP... Bu kavga bitmez,1,1,0,0,0,0,0,0
sabah:2023-10-26__ofke-baraji,sabah,YAVUZ DONAT - ‘Öfke barajı’,0,1,0,1,0,0,0,0
sabah:2023-11-04__chpde-tasfiye-taburlari,sabah,MAHMUT ÖVÜR - CHP’de ‘Tasfiye Taburları’,1,1,0,1,0,0,0,1
sabah:2023-12-05__iste-buyuk-turkiye,sabah,YAVUZ DONAT - İşte büyük Türkiye,1,1,0,1,1,0,0,0
sabah:2023-12-18__netenyahu-gidince-ne-olacak,sabah,HİLAL KAPLAN - Netenyahu gidince ne olacak?,1,1,0,0,0,0,0,0
sabah:2024-02-25__paralel-ibbden-paralel-chpye,sabah,MAHMUT ÖVÜR - ‘Paralel İBB’den ‘Paralel CHP’ye,1,1,0,1,0,0,0,1
sabah:2024-05-19__gazze-var-baska-hicbir-sey,sabah,"HAŞMET BABAOĞLU - Gazze var, başka hiçbir şey...",0,0,1,1,0,0,0,0
sabah:2024-08-04__abdnin-sinsi-projesi-suriye-lubnan-ve-filistine-turkiyesiz-osmanli-modeli,sabah,"BERCAN TUTAR - ABD’nin sinsi projesi: Suriye, Lübnan ve Filistin’e Türkiye’siz Osmanlı modeli",1,1,0,1,0,0,0,0
sabah:2024-08-24__ic-savas-ozlemcileri,sabah,MAHMUT ÖVÜR - ‘İç savaş’ özlemcileri,1,1,0,1,0,0,0,0
sabah:2024-09-08__siyonist-vahsete-turk-nesteri,sabah,BERCAN TUTAR - Siyonist vahşete ‘Türk neşteri’,1,1,0,1,0,0,0,0
sabah:2024-09-19__siber-katliamlardan-cikaracagimiz-iki-ders,sabah,BERCAN TUTAR - Siber katliamlardan çıkaracağımız iki ders,1,1,0,0,0,0,0,0
sabah:2025-01-06__bu-catisma-dunyayi-karistirir,sabah,HAŞMET BABAOĞLU - Bu çatışma dünyayı karıştırır,1,1,0,1,0,0,0,0
sabah:2025-04-29__imamoglunun-kostebegi-kim,sabah,MAHMUT ÖVÜR - İmamoğlu’nun ‘köstebeği’ kim?,1,1,0,1,0,0,0,0
sabah:2025-05-16__adres-turkiye,sabah,HİLAL KAPLAN - Adres Türkiye,1,1,0,0,0,0,1,0
sabah:2025-08-16__kafkasyada-zengezur-satranci,sabah,MAHMUT ÖVÜR - Kafkasya’da Zengezur satrancı,1,1,0,1,0,0,0,1
sabah:2025-10-24__yemin-toreni,sabah,YAVUZ DONAT - Yemin töreni,1,1,0,1,0,0,0,0
sabah:2025-12-01__iyiligin-insasinda-turkiyenin-kuresel-rolu,sabah,KEREM ALKİN - ‘İyiliğin İnşası’nda Türkiye’nin Küresel Rolü,1,1,1,0,1,0,0,0
sabah:2025-12-05__stockholm-sendromuna-savrulan-ozel-gercegi,sabah,MAHMUT ÖVÜR - ‘Stockholm sendromu’na savrulan Özel gerçeği,1,1,1,1,0,0,0,0
sabah:2025-12-20__imamoglunun-yalanci-tanigi,sabah,MAHMUT ÖVÜR - İmamoğlu’nun ‘yalancı’ tanığı,1,1,0,1,0,0,0,1
sabah:2025-12-24__dominikli-kevin,sabah,DİLEK GÜNGÖR - Dominikli Kevin!,0,1,0,1,0,0,0,0
sabah:2026-02-23__2-merkantilizm-donemi-ve-turk-reel-sektoru,sabah,KEREM ALKİN - 2. Merkantilizm dönemi ve Türk reel sektörü,0,0,0,1,0,0,1,1
sabah:2026-04-01__bursa-yolsuzlugunu-anlatan-itirafcinin-basina-gelenler,sabah,MAHMUT ÖVÜR - Bursa yolsuzluğunu anlatan itirafçının başına gelenler,1,1,0,0,0,0,0,1
sabah:2026-06-22__siyaset-ve-medya,sabah,YAVUZ DONAT - Siyaset ve medya,1,1,0,1,0,0,0,0
sabah:2026-06-25__hasta-ziyareti,sabah,YAVUZ DONAT - Hasta ziyareti,1,1,0,1,1,0,0,0
yenicag:1008619,yenicag,FAİZDE RİSKLER,0,0,0,0,0,0,0,1
yenicag:1024105,yenicag,Teşvikler adı gibi güçlü olacak mı? (II),0,1,0,0,0,0,0,1
yenicag:1026243,yenicag,"Hayat pahalılığı, enflasyondan daha hızlı arttı",0,0,0,1,0,0,0,1
yenicag:1031154,yenicag,Tahta kurusundan manda yoğurduna,1,1,0,1,0,0,0,0
yenicag:1041339,yenicag,Turan koridoru mu Trump koridoru mu?,1,1,0,1,0,0,0,1
yenicag:273180,yenicag,Kiracı esnafa 4 aylık koruma / Av. Gökçe Yabuloğlu,0,0,0,0,0,0,0,1
yenicag:283292,yenicag,Milli Devlet düşmanlığı neden? / Prof.Dr. Mustafa Erkal,1,1,0,0,0,0,0,1
yenicag:306603,yenicag,Ermenistan bozguna uğradı / Mehman Aliyev,1,1,0,1,0,0,0,0
yenicag:404893,yenicag,Demokrasi olmadan asla,1,0,1,1,0,0,1,1
yenicag:405687,yenicag,Muhalefeti susturma yasasına dönüşmesin!,0,1,0,1,0,0,1,1
yenicag:405706,yenicag,Sosyal medyada orman kanunları!,0,1,0,1,0,0,1,1
yenicag:406023,yenicag,"Millet olarak ""adalet nedir"" unuttuk mu?",0,1,1,1,0,0,0,1
yenicag:406269,yenicag,"AKM inşaatında sahne ""oyunları""",1,0,0,1,0,0,0,1
yenicag:406417,yenicag,Milyarlar havada uçuşuyor... Altı milyar iki yüz on altı milyon TL,0,0,1,1,0,0,0,1
yenicag:447464,yenicag,Amiraller...,1,0,0,0,0,1,0,0
yenicag:448848,yenicag,Adalet kördür ama karanlıkta da görür - Kerim Yılmaz,1,1,1,1,0,0,0,0
yenicag:449510,yenicag,Irak'ın kuzeyindeki devleti kim kurmuş?,1,1,0,0,0,0,0,1
yenicag:450637,yenicag,"Bir dozdur, iki dozdur üç dozdur, dört dozdur on dört dozdur!",1,0,0,1,0,0,0,1
yenicag:460680,yenicag,Başkomutan,0,0,0,1,1,1,0,0
yenicag:462923,yenicag,Faiz ne olmalı?,1,0,0,1,0,0,1,1
yenicag:470159,yenicag,''Ben varım orada'' dediğiniz zaman…,1,1,0,1,0,0,1,0
yenicag:479168,yenicag,Piyasa anarşisine dikkat,0,0,0,1,0,0,1,1
yenicag:488299,yenicag,Mavi kanlılar ile kırmızı kanlılar kurgusu!,0,0,0,1,0,0,0,0
yenicag:491121,yenicag,"Bir kadın gazeteci, Fauci'yi perişan etti!",0,0,0,1,0,0,0,0
yenicag:491731,yenicag,TL cep yakıyor,0,1,1,0,0,0,1,1
yenicag:495200,yenicag,Mezarınız kaç metre olacak?,1,0,0,1,0,1,0,0
yenicag:495202,yenicag,"Etimesgut Belediyesi, Sayıştay'ı yalanladı!",0,0,0,1,0,0,1,1
yenicag:500827,yenicag,Uçakta test veya Hoca'nın türbesi...,0,0,1,1,0,1,0,0
yenicag:507458,yenicag,"AB, AİHM, Demokrasi - Kerim Yılmaz",1,1,0,1,0,0,0,1
yenicag:543188,yenicag,"19 Mayıs sorusudur: ABD, Türkiye'den neden bu kadar emin?",1,1,1,0,0,0,0,0
yenicag:572322,yenicag,Sıra Afgan öğretmenlerde,1,0,1,0,1,0,1,1
yenicag:580217,yenicag,Üç büyük yanlış,1,1,0,1,0,0,1,1
yenicag:584797,yenicag,"Bolton, 15 Temmuz darbe planına katıldı mı?",1,1,1,1,0,0,1,1
yenicag:586304,yenicag,Nansen Mülteci Ödülü kimin hakkıydı?,1,1,0,1,0,0,0,1
yenicag:596412,yenicag,Serengeti'deki başkanlık seçimleri!,1,1,0,1,0,0,0,1
yenicag:597352,yenicag,Diktatörler neden diktatördür? (15 Kasım 2022),1,1,0,1,0,1,0,0
yenicag:614948,yenicag,Enflasyonu da kader yaptılar,1,0,0,1,0,0,1,1
yenicag:647626,yenicag,Bir garip Heterdoks'un tahribatı da ağır oldu,1,0,1,0,0,0,1,1
yenicag:658301,yenicag,Türklüğü silmek için Türklerden oy istemek!,1,1,1,1,1,0,0,1
yenicag:666218,yenicag,Ekonomide kritik dönem,0,0,0,1,0,0,1,1
yenicag:678294,yenicag,“Ağa devlete tabi olmak” ve CHP!,1,1,1,1,0,0,0,1
yenicag:698689,yenicag,Dünyayı yönetecek kadrolar yetiştirmek!,1,1,0,0,0,0,0,1
yenicag:722005,yenicag,"İnsan hakları, ABD ve AB ülkeleri",1,1,1,1,0,0,0,1
yenicag:727484,yenicag,Yeni Anayasa mı yeni devlet mi?,1,1,0,1,0,1,0,1
yenicag:757162,yenicag,Şehitlere dua etmeyen imam kime dua eder?,1,1,1,0,0,1,1,0
yenicag:759815,yenicag,İç içe üç geçmiş üç kaos çemberi!,1,1,0,1,0,0,1,1
yenicag:760442,yenicag,21 yılda 1 trilyon dolar dış açık,1,1,0,1,0,0,1,1
yenicag:762365,yenicag,"Depremzedeler ve emekliler, Stalin'in tavuğu mu?",1,1,1,1,0,0,0,1
yenicag:779361,yenicag,Harediler ve Türkiye...,1,1,0,1,1,1,0,1
yenicag:802195,yenicag,"1071'i, 1453’ü kutlayan Arap ülkesi var mı?",1,1,0,1,1,1,0,0
yenicag:802197,yenicag,Tek beka sorunumuz düzensiz sığınmacılardır,1,1,1,1,1,0,1,1
yenicag:839975,yenicag,"22 yılda 1,1 trilyon dolar dış açık",1,0,0,1,0,0,0,1
yenicag:875829,yenicag,TÜRKİYE BATIDAN UZAKLAŞTIKÇA SERMAYE KAÇIYOR,0,0,0,1,0,0,1,1
yenicag:917469,yenicag,Vesayet sözleşmesi: Kamu özel işbirliği,0,0,0,1,0,0,1,1
yenicag:948280,yenicag,Etik yapay zekâ: Algoritmalar karar alırken ahlaki değerleri kim belirleyecek?,0,0,0,1,0,0,0,1
yenicag:950504,yenicag,Ekonomi açısından mutluluk endeksi,0,0,0,1,0,0,0,1
yenicag:992482,yenicag,"Erdoğan, “dedikodu” yasağı koydu… Bahçeli’nin gönlünde damat Selçuk var…",1,1,0,1,0,0,0,0
