doc_id,source,n_annotators,n_sentences,n_passive,n_agentless_passive,n_evidential,l1_disagree_rate_all,l1_span_disagree_rate_all,l3_disagree_rate_all,l3_span_disagree_rate_all,l1_disagree_rate_passive,l1_disagree_rate_nonpassive,l1_disagree_rate_agentless,l1_disagree_rate_explicit_agent,l3_disagree_rate_passive,l3_disagree_rate_nonpassive,l3_disagree_rate_agentless,l3_disagree_rate_explicit_agent
cumhuriyet:2227758,cumhuriyet,2,35,8,8,8,0.42857142857142855,0.45714285714285713,0.05714285714285714,0.05714285714285714,0.5,0.4074074074074074,0.5,,0.0,0.07407407407407407,0.0,
cumhuriyet:2237757,cumhuriyet,3,89,11,11,6,0.10112359550561797,0.10112359550561797,0.12359550561797752,0.14606741573033707,0.18181818181818182,0.08974358974358974,0.18181818181818182,,0.2727272727272727,0.10256410256410256,0.2727272727272727,
cumhuriyet:2240958,cumhuriyet,2,88,17,16,5,0.045454545454545456,0.045454545454545456,0.17045454545454544,0.17045454545454544,0.058823529411764705,0.04225352112676056,0.0,1.0,0.0,0.2112676056338028,0.0,0.0
cumhuriyet:2242039,cumhuriyet,2,27,8,7,1,0.037037037037037035,0.07407407407407407,0.37037037037037035,0.37037037037037035,0.125,0.0,0.0,1.0,0.375,0.3684210526315789,0.2857142857142857,1.0
cumhuriyet:2244746,cumhuriyet,3,56,8,8,2,0.08928571428571429,0.08928571428571429,0.08928571428571429,0.08928571428571429,0.25,0.0625,0.25,,0.125,0.08333333333333333,0.125,
cumhuriyet:2246245,cumhuriyet,3,58,19,18,6,0.1206896551724138,0.1206896551724138,0.05172413793103448,0.05172413793103448,0.10526315789473684,0.1282051282051282,0.1111111111111111,0.0,0.05263157894736842,0.05128205128205128,0.05555555555555555,0.0
cumhuriyet:2273895,cumhuriyet,3,53,12,12,0,0.05660377358490566,0.05660377358490566,0.6226415094339622,0.6226415094339622,0.0,0.07317073170731707,0.0,,0.6666666666666666,0.6097560975609756,0.6666666666666666,
cumhuriyet:2286708,cumhuriyet,3,45,16,15,8,0.06666666666666667,0.06666666666666667,0.0,0.0,0.0,0.10344827586206896,0.0,0.0,0.0,0.0,0.0,0.0
cumhuriyet:2287082,cumhuriyet,3,53,16,15,6,0.24528301886792453,0.24528301886792453,0.24528301886792453,0.24528301886792453,0.375,0.1891891891891892,0.3333333333333333,1.0,0.25,0.24324324324324326,0.2,1.0
cumhuriyet:2294648,cumhuriyet,2,35,10,9,1,0.11428571428571428,0.11428571428571428,0.2571428571428571,0.2571428571428571,0.3,0.04,0.3333333333333333,0.0,0.3,0.24,0.3333333333333333,0.0
cumhuriyet:2400896,cumhuriyet,2,35,18,18,0,0.11428571428571428,0.11428571428571428,0.42857142857142855,0.42857142857142855,0.1111111111111111,0.11764705882352941,0.1111111111111111,,0.2777777777777778,0.5882352941176471,0.2777777777777778,
cumhuriyet:2415724,cumhuriyet,2,35,6,6,2,0.05714285714285714,0.05714285714285714,0.08571428571428572,0.08571428571428572,0.0,0.06896551724137931,0.0,,0.16666666666666666,0.06896551724137931,0.16666666666666666,
cumhuriyet:2428399,cumhuriyet,2,45,9,9,5,0.044444444444444446,0.044444444444444446,0.4444444444444444,0.4444444444444444,0.0,0.05555555555555555,0.0,,0.4444444444444444,0.4444444444444444,0.4444444444444444,
cumhuriyet:2433785,cumhuriyet,2,42,13,13,0,0.11904761904761904,0.16666666666666666,0.07142857142857142,0.07142857142857142,0.15384615384615385,0.10344827586206896,0.15384615384615385,,0.07692307692307693,0.06896551724137931,0.07692307692307693,
cumhuriyet:2434670,cumhuriyet,2,19,9,9,4,0.15789473684210525,0.15789473684210525,0.15789473684210525,0.15789473684210525,0.3333333333333333,0.0,0.3333333333333333,,0.2222222222222222,0.1,0.2222222222222222,
cumhuriyet:2437768,cumhuriyet,3,50,7,6,3,0.3,0.3,0.2,0.2,0.5714285714285714,0.2558139534883721,0.5,1.0,0.14285714285714285,0.20930232558139536,0.16666666666666666,0.0
cumhuriyet:2450209,cumhuriyet,2,26,4,4,1,0.07692307692307693,0.07692307692307693,0.038461538461538464,0.038461538461538464,0.0,0.09090909090909091,0.0,,0.0,0.045454545454545456,0.0,
cumhuriyet:2466858,cumhuriyet,2,45,16,13,15,0.0,0.0,0.0,0.0,0.0,0.0,0.0,0.0,0.0,0.0,0.0,0.0
cumhuriyet:2478082,cumhuriyet,3,49,14,13,2,0.08163265306122448,0.08163265306122448,0.061224489795918366,0.061224489795918366,0.21428571428571427,0.02857142857142857,0.15384615384615385,1.0,0.14285714285714285,0.02857142857142857,0.15384615384615385,0.0
cumhuriyet:2491300,cumhuriyet,3,31,17,16,10,0.41935483870967744,0.45161290322580644,0.25806451612903225,0.25806451612903225,0.4117647058823529,0.42857142857142855,0.375,1.0,0.29411764705882354,0.21428571428571427,0.3125,0.0
cumhuriyet:2497553,cumhuriyet,3,36,10,10,7,0.19444444444444445,0.19444444444444445,0.1388888888888889,0.1388888888888889,0.2,0.19230769230769232,0.2,,0.2,0.11538461538461539,0.2,
cumhuriyet:2511728,cumhuriyet,2,50,16,16,3,0.14,0.14,0.16,0.16,0.0625,0.17647058823529413,0.0625,,0.1875,0.14705882352941177,0.1875,
odatv:120006750,odatv,3,56,15,15,2,0.08928571428571429,0.08928571428571429,0.14285714285714285,0.14285714285714285,0.06666666666666667,0.0975609756097561,0.06666666666666667,,0.13333333333333333,0.14634146341463414,0.13333333333333333,
odatv:120029375,odatv,2,52,6,6,3,0.019230769230769232,0.019230769230769232,0.28846153846153844,0.28846153846153844,0.0,0.021739130434782608,0.0,,0.5,0.2608695652173913,0.5,
odatv:120030878,odatv,2,55,6,5,1,0.05454545454545454,0.05454545454545454,0.12727272727272726,0.12727272727272726,0.0,0.061224489795918366,0.0,0.0,0.16666666666666666,0.12244897959183673,0.2,0.0
odatv:120031561,odatv,3,60,10,10,1,0.08333333333333333,0.08333333333333333,0.23333333333333334,0.23333333333333334,0.0,0.1,0.0,,0.2,0.24,0.2,
odatv:120033497,odatv,2,67,7,7,1,0.029850746268656716,0.029850746268656716,0.07462686567164178,0.07462686567164178,0.0,0.03333333333333333,0.0,,0.0,0.08333333333333333,0.0,
odatv:120042618,odatv,2,50,4,4,10,0.0,0.0,0.08,0.08,0.0,0.0,0.0,,0.0,0.08695652173913043,0.0,
odatv:120063743,odatv,3,55,11,11,5,0.09090909090909091,0.09090909090909091,0.23636363636363636,0.23636363636363636,0.09090909090909091,0.09090909090909091,0.09090909090909091,,0.36363636363636365,0.20454545454545456,0.36363636363636365,
odatv:120085702,odatv,2,75,11,10,2,0.02666666666666667,0.02666666666666667,0.0,0.0,0.0,0.03125,0.0,0.0,0.0,0.0,0.0,0.0
odatv:120097447,odatv,2,70,10,9,3,0.04285714285714286,0.04285714285714286,0.15714285714285714,0.15714285714285714,0.1,0.03333333333333333,0.1111111111111111,0.0,0.2,0.15,0.2222222222222222,0.0
odatv:120108859,odatv,2,79,9,9,1,0.06329113924050633,0.0759493670886076,0.05063291139240506,0.05063291139240506,0.0,0.07142857142857142,0.0,,0.0,0.05714285714285714,0.0,
odatv:120153708,odatv,2,54,15,15,0,0.05555555555555555,0.05555555555555555,0.05555555555555555,0.05555555555555555,0.13333333333333333,0.02564102564102564,0.13333333333333333,,0.06666666666666667,0.05128205128205128,0.06666666666666667,
odatv:120156469,odatv,3,64,13,13,1,0.0625,0.0625,0.078125,0.078125,0.0,0.0784313725490196,0.0,,0.07692307692307693,0.0784313725490196,0.07692307692307693,
odatv:194787,odatv,2,64,14,14,0,0.03125,0.03125,0.078125,0.078125,0.07142857142857142,0.02,0.07142857142857142,,0.0,0.1,0.0,
odatv:195177,odatv,3,61,12,10,1,0.19672131147540983,0.19672131147540983,0.18032786885245902,0.18032786885245902,0.25,0.1836734693877551,0.2,0.5,0.16666666666666666,0.1836734693877551,0.2,0.0
odatv:200400,odatv,3,67,10,10,3,0.029850746268656716,0.029850746268656716,0.08955223880597014,0.08955223880597014,0.1,0.017543859649122806,0.1,,0.1,0.08771929824561403,0.1,
odatv:202889,odatv,2,32,7,7,0,0.0625,0.0625,0.28125,0.28125,0.0,0.08,0.0,,0.2857142857142857,0.28,0.2857142857142857,
odatv:204812,odatv,3,77,8,8,0,0.18181818181818182,0.18181818181818182,0.14285714285714285,0.14285714285714285,0.5,0.14492753623188406,0.5,,0.25,0.13043478260869565,0.25,
odatv:234457,odatv,3,67,12,12,9,0.07462686567164178,0.1044776119402985,0.08955223880597014,0.08955223880597014,0.0,0.09090909090909091,0.0,,0.16666666666666666,0.07272727272727272,0.16666666666666666,
sabah:2020-04-24__hos-geldin-ramazan,sabah,3,95,12,12,5,0.031578947368421054,0.031578947368421054,0.10526315789473684,0.10526315789473684,0.0,0.03614457831325301,0.0,,0.16666666666666666,0.0963855421686747,0.16666666666666666,
sabah:2020-09-25__ab-ile-yeni-bir-firsat-penceresi-mi,sabah,2,36,9,8,0,0.1111111111111111,0.1111111111111111,0.027777777777777776,0.027777777777777776,0.1111111111111111,0.1111111111111111,0.125,0.0,0.1111111111111111,0.0,0.125,0.0
sabah:2021-03-31__kusak-yola-demokratik-rakip,sabah,2,16,5,4,2,0.0625,0.0625,0.0,0.0,0.0,0.09090909090909091,0.0,0.0,0.0,0.0,0.0,0.0
sabah:2021-09-04__chp-izmirde-alevi-kurt-tartismasi-buyuyor,sabah,2,32,9,9,2,0.1875,0.21875,0.0625,0.0625,0.3333333333333333,0.13043478260869565,0.3333333333333333,,0.1111111111111111,0.043478260869565216,0.1111111111111111,
sabah:2022-01-08__kazakistan-ve-olagan-supheliler,sabah,3,36,6,6,1,0.3611111111111111,0.3611111111111111,0.2222222222222222,0.2222222222222222,0.5,0.3333333333333333,0.5,,0.0,0.26666666666666666,0.0,
sabah:2022-03-01__turizm-baskentinden-hasar-tespiti,sabah,3,149,6,6,3,0.04697986577181208,0.04697986577181208,0.0738255033557047,0.0738255033557047,0.3333333333333333,0.03496503496503497,0.3333333333333333,,0.16666666666666666,0.06993006993006994,0.16666666666666666,
sabah:2022-10-24__bir-bahce-olarak-avrupa,sabah,3,39,6,5,4,0.2564102564102564,0.2564102564102564,0.28205128205128205,0.28205128205128205,0.5,0.21212121212121213,0.4,1.0,0.3333333333333333,0.2727272727272727,0.4,0.0
sabah:2023-01-27__cahil-cahil-soyleniyorum-iste,sabah,2,54,9,9,3,0.09259259259259259,0.09259259259259259,0.2962962962962963,0.2962962962962963,0.0,0.1111111111111111,0.0,,0.2222222222222222,0.3111111111111111,0.2222222222222222,
sabah:2023-03-24__ahmet-turk-neden-ak-partiye-ofkeli,sabah,3,50,12,11,3,0.18,0.2,0.3,0.3,0.25,0.15789473684210525,0.2727272727272727,0.0,0.3333333333333333,0.2894736842105263,0.36363636363636365,0.0
sabah:2023-03-31__petrol-sirketleri-de-kurtler-de-zorda,sabah,3,56,5,5,0,0.14285714285714285,0.14285714285714285,0.19642857142857142,0.19642857142857142,0.4,0.11764705882352941,0.4,,0.0,0.21568627450980393,0.0,
sabah:2023-08-04__muhalefetteki-kanamayi-durdurmak-mumkun-mu,sabah,3,41,3,3,2,0.17073170731707318,0.1951219512195122,0.34146341463414637,0.34146341463414637,0.0,0.18421052631578946,0.0,,0.0,0.3684210526315789,0.0,
sabah:2023-09-28__fetocu-garsonun-sirri,sabah,2,44,14,13,9,0.11363636363636363,0.11363636363636363,0.3181818181818182,0.3181818181818182,0.07142857142857142,0.13333333333333333,0.07692307692307693,0.0,0.2857142857142857,0.3333333333333333,0.23076923076923078,1.0
sabah:2023-10-26__ofke-baraji,sabah,2,213,9,9,6,0.04225352112676056,0.046948356807511735,0.056338028169014086,0.056338028169014086,0.0,0.04411764705882353,0.0,,0.2222222222222222,0.049019607843137254,0.2222222222222222,
sabah:2023-11-04__chpde-tasfiye-taburlari,sabah,3,44,12,12,1,0.06818181818181818,0.06818181818181818,0.13636363636363635,0.13636363636363635,0.16666666666666666,0.03125,0.16666666666666666,,0.3333333333333333,0.0625,0.3333333333333333,
sabah:2024-02-25__paralel-ibbden-paralel-chpye,sabah,2,34,10,9,3,0.20588235294117646,0.23529411764705882,0.29411764705882354,0.29411764705882354,0.3,0.16666666666666666,0.3333333333333333,0.0,0.1,0.375,0.1111111111111111,0.0
sabah:2024-05-19__gazze-var-baska-hicbir-sey,sabah,2,55,2,2,2,0.0,0.0,0.34545454545454546,0.34545454545454546,0.0,0.0,0.0,,0.5,0.33962264150943394,0.5,
sabah:2024-08-04__abdnin-sinsi-projesi-suriye-lubnan-ve-filistine-turkiyesiz-osmanli-modeli,sabah,3,51,9,9,5,0.1568627450980392,0.1568627450980392,0.11764705882352941,0.11764705882352941,0.1111111111111111,0.16666666666666666,0.1111111111111111,,0.2222222222222222,0.09523809523809523,0.2222222222222222,
sabah:2024-09-08__siyonist-vahsete-turk-nesteri,sabah,3,49,5,4,0,0.1836734693877551,0.1836734693877551,0.24489795918367346,0.24489795918367346,0.4,0.1590909090909091,0.25,1.0,0.0,0.2727272727272727,0.0,0.0
sabah:2025-04-29__imamoglunun-kostebegi-kim,sabah,2,37,4,4,3,0.02702702702702703,0.08108108108108109,0.32432432432432434,0.35135135135135137,0.0,0.030303030303030304,0.0,,0.5,0.30303030303030304,0.5,
sabah:2025-12-24__dominikli-kevin,sabah,3,40,9,8,4,0.15,0.15,0.125,0.125,0.1111111111111111,0.16129032258064516,0.125,0.0,0.2222222222222222,0.0967741935483871,0.25,0.0
sabah:2026-06-22__siyaset-ve-medya,sabah,3,131,10,10,0,0.03816793893129771,0.03816793893129771,0.11450381679389313,0.11450381679389313,0.0,0.04132231404958678,0.0,,0.1,0.11570247933884298,0.1,
yenicag:1008619,yenicag,2,43,7,7,1,0.0,0.0,0.0,0.0,0.0,0.0,0.0,,0.0,0.0,0.0,
yenicag:1024105,yenicag,2,39,11,11,0,0.02564102564102564,0.02564102564102564,0.07692307692307693,0.07692307692307693,0.0,0.03571428571428571,0.0,,0.09090909090909091,0.07142857142857142,0.09090909090909091,
yenicag:1026243,yenicag,2,41,4,3,1,0.0,0.0,0.0,0.0,0.0,0.0,0.0,0.0,0.0,0.0,0.0,0.0
yenicag:1031154,yenicag,2,53,10,10,6,0.09433962264150944,0.1320754716981132,0.11320754716981132,0.11320754716981132,0.3,0.046511627906976744,0.3,,0.2,0.09302325581395349,0.2,
yenicag:1041339,yenicag,3,39,11,8,2,0.28205128205128205,0.28205128205128205,0.20512820512820512,0.20512820512820512,0.45454545454545453,0.21428571428571427,0.375,0.6666666666666666,0.09090909090909091,0.25,0.125,0.0
yenicag:283292,yenicag,2,57,20,20,13,0.07017543859649122,0.07017543859649122,0.17543859649122806,0.17543859649122806,0.0,0.10810810810810811,0.0,,0.35,0.08108108108108109,0.35,
yenicag:404893,yenicag,3,36,9,9,6,0.16666666666666666,0.16666666666666666,0.16666666666666666,0.16666666666666666,0.2222222222222222,0.14814814814814814,0.2222222222222222,,0.1111111111111111,0.18518518518518517,0.1111111111111111,
yenicag:406023,yenicag,2,47,20,20,5,0.0851063829787234,0.0851063829787234,0.1702127659574468,0.1702127659574468,0.1,0.07407407407407407,0.1,,0.05,0.25925925925925924,0.05,
yenicag:406417,yenicag,2,46,16,16,5,0.13043478260869565,0.13043478260869565,0.5,0.5,0.1875,0.1,0.1875,,0.625,0.43333333333333335,0.625,
yenicag:450637,yenicag,3,30,8,8,2,0.3,0.3,0.4,0.4,0.375,0.2727272727272727,0.375,,0.375,0.4090909090909091,0.375,
yenicag:491121,yenicag,2,34,8,7,1,0.058823529411764705,0.058823529411764705,0.14705882352941177,0.14705882352941177,0.0,0.07692307692307693,0.0,0.0,0.375,0.07692307692307693,0.42857142857142855,0.0
yenicag:507458,yenicag,2,44,8,8,3,0.06818181818181818,0.06818181818181818,0.045454545454545456,0.045454545454545456,0.0,0.08333333333333333,0.0,,0.0,0.05555555555555555,0.0,
yenicag:586304,yenicag,3,35,14,13,10,0.22857142857142856,0.22857142857142856,0.17142857142857143,0.17142857142857143,0.2857142857142857,0.19047619047619047,0.23076923076923078,1.0,0.21428571428571427,0.14285714285714285,0.23076923076923078,0.0
yenicag:666218,yenicag,3,39,3,3,2,0.15384615384615385,0.15384615384615385,0.1794871794871795,0.1794871794871795,0.3333333333333333,0.1388888888888889,0.3333333333333333,,0.3333333333333333,0.16666666666666666,0.3333333333333333,
yenicag:698689,yenicag,2,36,6,4,2,0.08333333333333333,0.08333333333333333,0.0,0.0,0.16666666666666666,0.06666666666666667,0.25,0.0,0.0,0.0,0.0,0.0
yenicag:759815,yenicag,2,47,13,10,1,0.2765957446808511,0.2765957446808511,0.1276595744680851,0.1276595744680851,0.3076923076923077,0.2647058823529412,0.2,0.6666666666666666,0.23076923076923078,0.08823529411764706,0.2,0.3333333333333333
yenicag:839975,yenicag,2,42,8,8,2,0.023809523809523808,0.047619047619047616,0.11904761904761904,0.11904761904761904,0.125,0.0,0.125,,0.0,0.14705882352941177,0.0,
yenicag:948280,yenicag,2,49,16,16,3,0.0,0.0,0.061224489795918366,0.061224489795918366,0.0,0.0,0.0,,0.0,0.09090909090909091,0.0,
